en,fr
Option 1,Option 1 FR
Option 2,Option 2 FR
Option 3,Option 3 FR
Option 4,Option 4 FR
Option 5,Option 5 FR
Option 6,Option 6 FR
Option 7,Option 7 FR
Option 8,Option 8 FR
Option 9,Option 9 FR
Option 10,Option 10 FR
Option 11,Option 11 FR
Option 12,Option 12 FR
Option 13,Option 13 FR
Option 14,Option 14 FR
Option 15,Option 15 FR
Option 16,Option 16 FR
Option 17,Option 17 FR
Option 18,Option 18 FR
Option 19,Option 19 FR
Option 20,Option 20 FR
Option 21,Option 21 FR
Option 22,Option 22 FR
Option 23,Option 23 FR
Option 24,Option 24 FR
Option 25,Option 25 FR
Option 26,Option 26 FR
Option 27,Option 27 FR
Option 28,Option 28 FR
Option 29,Option 29 FR
Option 30,Option 30 FR
Option 31,Option 31 FR
Option 32,Option 32 FR
Option 33,Option 33 FR
Option 34,Option 34 FR
Option 35,Option 35 FR
Option 36,Option 36 FR
Option 37,Option 37 FR
Option 38,Option 38 FR
Option 39,Option 39 FR
Option 40,Option 40 FR
Option 41,Option 41 FR
Option 42,Option 42 FR
Option 43,Option 43 FR
Option 44,Option 44 FR
Option 45,Option 45 FR
Option 46,Option 46 FR
Option 47,Option 47 FR
Option 48,Option 48 FR
Option 49,Option 49 FR
Option 50,Option 50 FR
Option 51,Option 51 FR
Option 52,Option 52 FR
Option 53,Option 53 FR
Option 54,Option 54 FR
Option 55,Option 55 FR
Option 56,Option 56 FR
Option 57,Option 57 FR
Option 58,Option 58 FR
Option 59,Option 59 FR
Option 60,Option 60 FR
Option 61,Option 61 FR
Option 62,Option 62 FR
Option 63,Option 63 FR
Option 64,Option 64 FR
Option 65,Option 65 FR
Option 66,Option 66 FR
Option 67,Option 67 FR
Option 68,Option 68 FR
Option 69,Option 69 FR
Option 70,Option 70 FR
Option 71,Option 71 FR
Option 72,Option 72 FR
Option 73,Option 73 FR
Option 74,Option 74 FR
Option 75,Option 75 FR
Option 76,Option 76 FR
Option 77,Option 77 FR
Option 78,Option 78 FR
Option 79,Option 79 FR
Option 80,Option 80 FR
Option 81,Option 81 FR
Option 82,Option 82 FR
Option 83,Option 83 FR
Option 84,Option 84 FR
Option 85,Option 85 FR
Option 86,Option 86 FR
Option 87,Option 87 FR
Option 88,Option 88 FR
Option 89,Option 89 FR
Option 90,Option 90 FR
Option 91,Option 91 FR
Option 92,Option 92 FR
Option 93,Option 93 FR
Option 94,Option 94 FR
Option 95,Option 95 FR
Option 96,Option 96 FR
Option 97,Option 97 FR
Option 98,Option 98 FR
Option 99,Option 99 FR
Option 100,Option 100 FR
Option 101,Option 101 FR
Option 102,Option 102 FR
Option 103,Option 103 FR
Option 104,Option 104 FR
Option 105,Option 105 FR
Option 106,Option 106 FR
Option 107,Option 107 FR
Option 108,Option 108 FR
Option 109,Option 109 FR
Option 110,Option 110 FR
Option 111,Option 111 FR
Option 112,Option 112 FR
Option 113,Option 113 FR
Option 114,Option 114 FR
Option 115,Option 115 FR
Option 116,Option 116 FR
Option 117,Option 117 FR
Option 118,Option 118 FR
Option 119,Option 119 FR
Option 120,Option 120 FR
Option 121,Option 121 FR
Option 122,Option 122 FR
Option 123,Option 123 FR
Option 124,Option 124 FR
Option 125,Option 125 FR
Option 126,Option 126 FR
Option 127,Option 127 FR
Option 128,Option 128 FR
Option 129,Option 129 FR
Option 130,Option 130 FR
Option 131,Option 131 FR
Option 132,Option 132 FR
Option 133,Option 133 FR
Option 134,Option 134 FR
Option 135,Option 135 FR
Option 136,Option 136 FR
Option 137,Option 137 FR
Option 138,Option 138 FR
Option 139,Option 139 FR
Option 140,Option 140 FR
Option 141,Option 141 FR
Option 142,Option 142 FR
Option 143,Option 143 FR
Option 144,Option 144 FR
Option 145,Option 145 FR
Option 146,Option 146 FR
Option 147,Option 147 FR
Option 148,Option 148 FR
Option 149,Option 149 FR
Option 150,Option 150 FR
Option 151,Option 151 FR
Option 152,Option 152 FR
Option 153,Option 153 FR
Option 154,Option 154 FR
Option 155,Option 155 FR
Option 156,Option 156 FR
Option 157,Option 157 FR
Option 158,Option 158 FR
Option 159,Option 159 FR
Option 160,Option 160 FR
Option 161,Option 161 FR
Option 162,Option 162 FR
Option 163,Option 163 FR
Option 164,Option 164 FR
Option 165,Option 165 FR
Option 166,Option 166 FR
Option 167,Option 167 FR
Option 168,Option 168 FR
Option 169,Option 169 FR
Option 170,Option 170 FR
Option 171,Option 171 FR
Option 172,Option 172 FR
Option 173,Option 173 FR
Option 174,Option 174 FR
Option 175,Option 175 FR
Option 176,Option 176 FR
Option 177,Option 177 FR
Option 178,Option 178 FR
Option 179,Option 179 FR
Option 180,Option 180 FR
Option 181,Option 181 FR
Option 182,Option 182 FR
Option 183,Option 183 FR
Option 184,Option 184 FR
Option 185,Option 185 FR
Option 186,Option 186 FR
Option 187,Option 187 FR
Option 188,Option 188 FR
Option 189,Option 189 FR
Option 190,Option 190 FR
Option 191,Option 191 FR
Option 192,Option 192 FR
Option 193,Option 193 FR
Option 194,Option 194 FR
Option 195,Option 195 FR
Option 196,Option 196 FR
Option 197,Option 197 FR
Option 198,Option 198 FR
Option 199,Option 199 FR
Option 200,Option 200 FR
Option 201,Option 201 FR
Option 202,Option 202 FR
Option 203,Option 203 FR
Option 204,Option 204 FR
Option 205,Option 205 FR
Option 206,Option 206 FR
Option 207,Option 207 FR
Option 208,Option 208 FR
Option 209,Option 209 FR
Option 210,Option 210 FR
Option 211,Option 211 FR
Option 212,Option 212 FR
Option 213,Option 213 FR
Option 214,Option 214 FR
Option 215,Option 215 FR
Option 216,Option 216 FR
Option 217,Option 217 FR
Option 218,Option 218 FR
Option 219,Option 219 FR
Option 220,Option 220 FR
Option 221,Option 221 FR
Option 222,Option 222 FR
Option 223,Option 223 FR
Option 224,Option 224 FR
Option 225,Option 225 FR
Option 226,Option 226 FR
Option 227,Option 227 FR
Option 228,Option 228 FR
Option 229,Option 229 FR
Option 230,Option 230 FR
Option 231,Option 231 FR
Option 232,Option 232 FR
Option 233,Option 233 FR
Option 234,Option 234 FR
Option 235,Option 235 FR
Option 236,Option 236 FR
Option 237,Option 237 FR
Option 238,Option 238 FR
Option 239,Option 239 FR
Option 240,Option 240 FR
Option 241,Option 241 FR
Option 242,Option 242 FR
Option 243,Option 243 FR
Option 244,Option 244 FR
Option 245,Option 245 FR
Option 246,Option 246 FR
Option 247,Option 247 FR
Option 248,Option 248 FR
Option 249,Option 249 FR
Option 250,Option 250 FR
Option 251,Option 251 FR
Option 252,Option 252 FR
Option 253,Option 253 FR
Option 254,Option 254 FR
Option 255,Option 255 FR
Option 256,Option 256 FR
Option 257,Option 257 FR
Option 258,Option 258 FR
Option 259,Option 259 FR
Option 260,Option 260 FR
Option 261,Option 261 FR
Option 262,Option 262 FR
Option 263,Option 263 FR
Option 264,Option 264 FR
Option 265,Option 265 FR
Option 266,Option 266 FR
Option 267,Option 267 FR
Option 268,Option 268 FR
Option 269,Option 269 FR
Option 270,Option 270 FR
Option 271,Option 271 FR
Option 272,Option 272 FR
Option 273,Option 273 FR
Option 274,Option 274 FR
Option 275,Option 275 FR
Option 276,Option 276 FR
Option 277,Option 277 FR
Option 278,Option 278 FR
Option 279,Option 279 FR
Option 280,Option 280 FR
Option 281,Option 281 FR
Option 282,Option 282 FR
Option 283,Option 283 FR
Option 284,Option 284 FR
Option 285,Option 285 FR
Option 286,Option 286 FR
Option 287,Option 287 FR
Option 288,Option 288 FR
Option 289,Option 289 FR
Option 290,Option 290 FR
Option 291,Option 291 FR
Option 292,Option 292 FR
Option 293,Option 293 FR
Option 294,Option 294 FR
Option 295,Option 295 FR
Option 296,Option 296 FR
Option 297,Option 297 FR
Option 298,Option 298 FR
Option 299,Option 299 FR
Option 300,Option 300 FR
Option 301,Option 301 FR
Option 302,Option 302 FR
Option 303,Option 303 FR
Option 304,Option 304 FR
Option 305,Option 305 FR
Option 306,Option 306 FR
Option 307,Option 307 FR
Option 308,Option 308 FR
Option 309,Option 309 FR
Option 310,Option 310 FR
Option 311,Option 311 FR
Option 312,Option 312 FR
Option 313,Option 313 FR
Option 314,Option 314 FR
Option 315,Option 315 FR
Option 316,Option 316 FR
Option 317,Option 317 FR
Option 318,Option 318 FR
Option 319,Option 319 FR
Option 320,Option 320 FR
Option 321,Option 321 FR
Option 322,Option 322 FR
Option 323,Option 323 FR
Option 324,Option 324 FR
Option 325,Option 325 FR
Option 326,Option 326 FR
Option 327,Option 327 FR
Option 328,Option 328 FR
Option 329,Option 329 FR
Option 330,Option 330 FR
Option 331,Option 331 FR
Option 332,Option 332 FR
Option 333,Option 333 FR
Option 334,Option 334 FR
Option 335,Option 335 FR
Option 336,Option 336 FR
Option 337,Option 337 FR
Option 338,Option 338 FR
Option 339,Option 339 FR
Option 340,Option 340 FR
Option 341,Option 341 FR
Option 342,Option 342 FR
Option 343,Option 343 FR
Option 344,Option 344 FR
Option 345,Option 345 FR
Option 346,Option 346 FR
Option 347,Option 347 FR
Option 348,Option 348 FR
Option 349,Option 349 FR
Option 350,Option 350 FR
Option 351,Option 351 FR
Option 352,Option 352 FR
Option 353,Option 353 FR
Option 354,Option 354 FR
Option 355,Option 355 FR
Option 356,Option 356 FR
Option 357,Option 357 FR
Option 358,Option 358 FR
Option 359,Option 359 FR
Option 360,Option 360 FR
Option 361,Option 361 FR
Option 362,Option 362 FR
Option 363,Option 363 FR
Option 364,Option 364 FR
Option 365,Option 365 FR
Option 366,Option 366 FR
Option 367,Option 367 FR
Option 368,Option 368 FR
Option 369,Option 369 FR
Option 370,Option 370 FR
Option 371,Option 371 FR
Option 372,Option 372 FR
Option 373,Option 373 FR
Option 374,Option 374 FR
Option 375,Option 375 FR
Option 376,Option 376 FR
Option 377,Option 377 FR
Option 378,Option 378 FR
Option 379,Option 379 FR
Option 380,Option 380 FR
Option 381,Option 381 FR
Option 382,Option 382 FR
Option 383,Option 383 FR
Option 384,Option 384 FR
Option 385,Option 385 FR
Option 386,Option 386 FR
Option 387,Option 387 FR
Option 388,Option 388 FR
Option 389,Option 389 FR
Option 390,Option 390 FR
Option 391,Option 391 FR
Option 392,Option 392 FR
Option 393,Option 393 FR
Option 394,Option 394 FR
Option 395,Option 395 FR
Option 396,Option 396 FR
Option 397,Option 397 FR
Option 398,Option 398 FR
Option 399,Option 399 FR
Option 400,Option 400 FR
